experiment_ID,experiment,reward_rate,action_rate,model_1_b_pred,model_2_epsilon_pred,model_3_alpha_pred,model_3_theta_pred,model_1_BIC,model_2_BIC,model_3_BIC,corr_action_reward,opt_models
0,"[(1, 'ids2', None)]",0.917,0.55,0.5,0.5,0.0,0.1,-inf,-inf,-inf,-0.152,model_1
1,"[(2, 'ids2', None)]",0.967,0.533,0.5,0.5,0.0,0.1,-inf,-inf,-inf,-0.174,model_1
2,"[(3, 'ids2', None)]",0.983,0.483,0.5,0.5,0.0,0.1,-inf,-inf,-inf,0.126,model_1
3,"[(4, 'ids2', None)]",0.983,0.517,0.5,0.5,0.0,0.1,-inf,-inf,-inf,-0.126,model_1
4,"[(5, 'ids2', None)]",,,0.5,0.5,0.0,0.1,-inf,-inf,-inf,,model_1
5,"[(6, 'ids2', None)]",0.5,0.0,0.5,0.5,0.0,0.1,-inf,-inf,-inf,,model_1
6,"[(7, 'ids2', None)]",0.967,0.533,0.5,0.5,0.0,0.1,-inf,-inf,-inf,-0.174,model_1
7,"[(8, 'ids2', None)]",0.95,0.55,0.5,0.5,0.0,0.1,-inf,-inf,-inf,-0.208,model_1
8,"[(9, 'ids2', None)]",0.817,0.517,0.5,0.5,0.0,0.1,-inf,-inf,-inf,-0.027,model_1
9,"[(10, 'ids2', None)]",0.9,0.5,0.5,0.5,0.0,0.1,-inf,-inf,-inf,-0.0,model_1
10,"[(11, 'ids2', None)]",0.783,0.483,0.5,0.5,0.0,0.1,-inf,-inf,-inf,0.023,model_1
11,"[(13, 'ids2', None)]",0.85,0.483,0.5,0.5,0.0,0.1,-inf,-inf,-inf,0.033,model_1
12,"[(15, 'ids2', None)]",0.933,0.5,0.5,0.5,0.0,0.1,-inf,-inf,-inf,0.0,model_1
13,"[(16, 'ids2', None)]",0.917,0.55,0.5,0.5,0.0,0.1,-inf,-inf,-inf,-0.152,model_1
14,"[(17, 'ids2', None)]",0.692,0.708,0.5,0.5,0.0,0.1,-inf,-inf,-inf,-0.19,model_1
15,"[(18, 'ids2', None)]",0.933,0.567,0.5,0.5,0.0,0.1,-inf,-inf,-inf,-0.234,model_1
16,"[(19, 'ids2', None)]",0.95,0.55,0.5,0.5,0.0,0.1,-inf,-inf,-inf,-0.208,model_1
17,"[(20, 'ids2', None)]",0.817,0.55,0.5,0.5,0.0,0.1,-inf,-inf,-inf,-0.082,model_1
