experiment_ID,experiment,reward_rate,action_rate,model_1_b_pred,model_2_epsilon_pred,model_3_alpha_pred,model_3_theta_pred,model_1_BIC,model_2_BIC,model_3_BIC,corr_action_reward,opt_models
0,"[(1, 'eds2', None)]",0.85,0.617,0.5,0.5,0.0,0.1,-inf,-inf,-inf,-0.235,model_1
1,"[(2, 'eds2', None)]",0.967,0.5,0.5,0.5,0.0,0.1,-inf,-inf,-inf,0.0,model_1
2,"[(3, 'eds2', None)]",0.983,0.517,0.5,0.5,0.0,0.1,-inf,-inf,-inf,-0.126,model_1
3,"[(4, 'eds2', None)]",0.917,0.55,0.5,0.5,0.0,0.1,-inf,-inf,-inf,-0.152,model_1
4,"[(5, 'eds2', None)]",,,0.5,0.5,0.0,0.1,-inf,-inf,-inf,,model_1
5,"[(6, 'eds2', None)]",0.5,0.0,0.5,0.5,0.0,0.1,-inf,-inf,-inf,,model_1
6,"[(7, 'eds2', None)]",0.933,0.533,0.5,0.5,0.0,0.1,-inf,-inf,-inf,-0.116,model_1
7,"[(8, 'eds2', None)]",0.767,0.667,0.5,0.5,0.0,0.1,-inf,-inf,-inf,-0.223,model_1
8,"[(9, 'eds2', None)]",0.767,0.467,0.5,0.5,0.0,0.1,-inf,-inf,-inf,0.042,model_1
9,"[(10, 'eds2', None)]",0.933,0.5,0.5,0.5,0.0,0.1,-inf,-inf,-inf,0.0,model_1
10,"[(11, 'eds2', None)]",0.933,0.567,0.5,0.5,0.0,0.1,-inf,-inf,-inf,-0.234,model_1
11,"[(13, 'eds2', None)]",0.817,0.417,0.5,0.5,0.0,0.1,-inf,-inf,-inf,0.138,model_1
12,"[(15, 'eds2', None)]",0.95,0.55,0.5,0.5,0.0,0.1,-inf,-inf,-inf,-0.208,model_1
13,"[(16, 'eds2', None)]",0.933,0.533,0.5,0.5,0.0,0.1,-inf,-inf,-inf,-0.116,model_1
14,"[(17, 'eds2', None)]",0.95,0.517,0.5,0.5,0.0,0.1,-inf,-inf,-inf,-0.069,model_1
15,"[(18, 'eds2', None)]",0.642,0.558,0.5,0.5,0.0,0.1,-inf,-inf,-inf,-0.035,model_1
16,"[(19, 'eds2', None)]",0.7,0.667,0.5,0.5,0.0,0.1,-inf,-inf,-inf,-0.154,model_1
17,"[(20, 'eds2', None)]",0.783,0.683,0.5,0.5,0.0,0.1,-inf,-inf,-inf,-0.271,model_1
