experiment_ID,experiment,reward_rate,action_rate,model_1_b_pred,model_2_epsilon_pred,model_3_alpha_pred,model_3_theta_pred,model_1_BIC,model_2_BIC,model_3_BIC,corr_action_reward,opt_models
0,"[(1, 'ids1', None)]",0.967,0.533,0.5,0.5,0.0,0.1,-inf,-inf,-inf,-0.174,model_1
1,"[(2, 'ids1', None)]",0.883,0.517,0.5,0.5,0.0,0.1,-inf,-inf,-inf,-0.04,model_1
2,"[(3, 'ids1', None)]",1.0,0.5,0.5,0.5,0.0,0.1,-inf,-inf,-inf,,model_1
3,"[(4, 'ids1', None)]",0.783,0.583,0.5,0.5,0.0,0.1,-inf,-inf,-inf,-0.116,model_1
4,"[(5, 'ids1', None)]",0.833,0.367,0.5,0.5,0.0,0.1,-inf,-inf,-inf,0.247,model_1
5,"[(6, 'ids1', None)]",0.95,0.483,0.5,0.5,0.0,0.1,-inf,-inf,-inf,0.069,model_1
6,"[(7, 'ids1', None)]",0.967,0.5,0.5,0.5,0.0,0.1,-inf,-inf,-inf,0.0,model_1
7,"[(8, 'ids1', None)]",0.9,0.5,0.5,0.5,0.0,0.1,-inf,-inf,-inf,0.0,model_1
8,"[(9, 'ids1', None)]",0.783,0.45,0.5,0.5,0.0,0.1,-inf,-inf,-inf,0.069,model_1
9,"[(10, 'ids1', None)]",0.95,0.55,0.5,0.5,0.0,0.1,-inf,-inf,-inf,-0.208,model_1
10,"[(11, 'ids1', None)]",0.967,0.5,0.5,0.5,0.0,0.1,-inf,-inf,-inf,-0.0,model_1
11,"[(13, 'ids1', None)]",0.917,0.517,0.5,0.5,0.0,0.1,-inf,-inf,-inf,-0.05,model_1
12,"[(15, 'ids1', None)]",0.933,0.5,0.5,0.5,0.0,0.1,-inf,-inf,-inf,0.0,model_1
13,"[(16, 'ids1', None)]",0.95,0.517,0.5,0.5,0.0,0.1,-inf,-inf,-inf,-0.069,model_1
14,"[(17, 'ids1', None)]",0.967,0.533,0.5,0.5,0.0,0.1,-inf,-inf,-inf,-0.174,model_1
15,"[(18, 'ids1', None)]",,,0.5,0.5,0.0,0.1,-inf,-inf,-inf,,model_1
16,"[(19, 'ids1', None)]",0.9,0.6,0.5,0.5,0.0,0.1,-inf,-inf,-inf,-0.272,model_1
17,"[(20, 'ids1', None)]",0.967,0.5,0.5,0.5,0.0,0.1,-inf,-inf,-inf,-0.0,model_1
18,"[(21, 'ids1', None)]",0.883,0.55,0.5,0.5,0.0,0.1,-inf,-inf,-inf,-0.12,model_1
19,"[(22, 'ids1', None)]",0.95,0.517,0.5,0.5,0.0,0.1,-inf,-inf,-inf,-0.069,model_1
