experiment_ID,experiment,reward_rate,action_rate,model_1_b_pred,model_2_epsilon_pred,model_3_alpha_pred,model_3_theta_pred,model_1_BIC,model_2_BIC,model_3_BIC,corr_action_reward,opt_models
0,"[(1, 'ams1ams2eds1ids1eds2', None)]",,,0.5,0.5,0.0,0.1,-inf,-inf,-inf,,model_1
1,"[(2, 'ams1ams2eds1ids1eds2', None)]",,,0.5,0.5,0.0,0.1,-inf,-inf,-inf,,model_1
2,"[(3, 'ams1ams2eds1ids1eds2', None)]",,,0.5,0.5,0.0,0.1,-inf,-inf,-inf,,model_1
3,"[(4, 'ams1ams2eds1ids1eds2', None)]",,,0.5,0.5,0.0,0.1,-inf,-inf,-inf,,model_1
4,"[(5, 'ams1ams2eds1ids1eds2', None)]",,,0.5,0.5,0.0,0.1,-inf,-inf,-inf,,model_1
5,"[(6, 'ams1ams2eds1ids1eds2', None)]",,,0.5,0.5,0.0,0.1,-inf,-inf,-inf,,model_1
6,"[(7, 'ams1ams2eds1ids1eds2', None)]",,,0.5,0.5,0.0,0.1,-inf,-inf,-inf,,model_1
7,"[(8, 'ams1ams2eds1ids1eds2', None)]",,,0.5,0.5,0.0,0.1,-inf,-inf,-inf,,model_1
8,"[(9, 'ams1ams2eds1ids1eds2', None)]",,,0.5,0.5,0.0,0.1,-inf,-inf,-inf,,model_1
9,"[(10, 'ams1ams2eds1ids1eds2', None)]",,,0.5,0.5,0.0,0.1,-inf,-inf,-inf,,model_1
10,"[(11, 'ams1ams2eds1ids1eds2', None)]",,,0.5,0.5,0.0,0.1,-inf,-inf,-inf,,model_1
11,"[(13, 'ams1ams2eds1ids1eds2', None)]",,,0.5,0.5,0.0,0.1,-inf,-inf,-inf,,model_1
12,"[(15, 'ams1ams2eds1ids1eds2', None)]",,,0.5,0.5,0.0,0.1,-inf,-inf,-inf,,model_1
13,"[(16, 'ams1ams2eds1ids1eds2', None)]",,,0.5,0.5,0.0,0.1,-inf,-inf,-inf,,model_1
14,"[(17, 'ams1ams2eds1ids1eds2', None)]",,,0.5,0.5,0.0,0.1,-inf,-inf,-inf,,model_1
15,"[(18, 'ams1ams2eds1ids1eds2', None)]",,,0.5,0.5,0.0,0.1,-inf,-inf,-inf,,model_1
16,"[(19, 'ams1ams2eds1ids1eds2', None)]",,,0.5,0.5,0.0,0.1,-inf,-inf,-inf,,model_1
17,"[(20, 'ams1ams2eds1ids1eds2', None)]",,,0.5,0.5,0.0,0.1,-inf,-inf,-inf,,model_1
