experiment_ID,experiment,reward_rate,action_rate,model_1_b_pred,model_2_epsilon_pred,model_3_alpha_pred,model_3_theta_pred,model_1_BIC,model_2_BIC,model_3_BIC,corr_action_reward,opt_models
0,"[(1, 'Human_Pilot_EDS1', None)]",,,0.5,0.5,0.0,0.1,-inf,-inf,-inf,,model_1
1,"[(2, 'Human_Pilot_EDS1', None)]",,,0.5,0.5,0.0,0.1,-inf,-inf,-inf,,model_1
2,"[(3, 'Human_Pilot_EDS1', None)]",,,0.5,0.5,0.0,0.1,-inf,-inf,-inf,,model_1
3,"[(4, 'Human_Pilot_EDS1', None)]",,,0.5,0.5,0.0,0.1,-inf,-inf,-inf,,model_1
4,"[(5, 'Human_Pilot_EDS1', None)]",,,0.5,0.5,0.0,0.1,-inf,-inf,-inf,,model_1
5,"[(6, 'Human_Pilot_EDS1', None)]",,,0.5,0.5,0.0,0.1,-inf,-inf,-inf,,model_1
6,"[(7, 'Human_Pilot_EDS1', None)]",,,0.5,0.5,0.0,0.1,-inf,-inf,-inf,,model_1
7,"[(8, 'Human_Pilot_EDS1', None)]",,,0.5,0.5,0.0,0.1,-inf,-inf,-inf,,model_1
8,"[(9, 'Human_Pilot_EDS1', None)]",,,0.5,0.5,0.0,0.1,-inf,-inf,-inf,,model_1
9,"[(10, 'Human_Pilot_EDS1', None)]",,,0.5,0.5,0.0,0.1,-inf,-inf,-inf,,model_1
10,"[(11, 'Human_Pilot_EDS1', None)]",,,0.5,0.5,0.0,0.1,-inf,-inf,-inf,,model_1
11,"[(13, 'Human_Pilot_EDS1', None)]",,,0.5,0.5,0.0,0.1,-inf,-inf,-inf,,model_1
12,"[(15, 'Human_Pilot_EDS1', None)]",,,0.5,0.5,0.0,0.1,-inf,-inf,-inf,,model_1
13,"[(16, 'Human_Pilot_EDS1', None)]",,,0.5,0.5,0.0,0.1,-inf,-inf,-inf,,model_1
14,"[(17, 'Human_Pilot_EDS1', None)]",,,0.5,0.5,0.0,0.1,-inf,-inf,-inf,,model_1
15,"[(18, 'Human_Pilot_EDS1', None)]",,,0.5,0.5,0.0,0.1,-inf,-inf,-inf,,model_1
16,"[(19, 'Human_Pilot_EDS1', None)]",,,0.5,0.5,0.0,0.1,-inf,-inf,-inf,,model_1
17,"[(20, 'Human_Pilot_EDS1', None)]",,,0.5,0.5,0.0,0.1,-inf,-inf,-inf,,model_1
18,"[(21, 'Human_Pilot_EDS1', None)]",,,0.5,0.5,0.0,0.1,-inf,-inf,-inf,,model_1
19,"[(22, 'Human_Pilot_EDS1', None)]",,,0.5,0.5,0.0,0.1,-inf,-inf,-inf,,model_1
